,Accuracy,Precision,Recall,F1,ROC AUC,Avg Precision
XGBoost,0.9991046662687406,0.688,0.8775510204081632,0.7713004484304933,0.9828427009520748,0.8736959256953671
Logistic Regression,0.9848671043853797,0.09361702127659574,0.8979591836734694,0.16955684007707128,0.9709737985655713,0.7249162940927069
