,Accuracy,Precision,Recall,F1,ROC AUC,Avg Precision
XGBoost,0.9976826656367402,0.4182692307692308,0.8877551020408163,0.5686274509803921,0.9798680058686389,0.8222152231063081
Logistic Regression,0.9848671043853797,0.09361702127659574,0.8979591836734694,0.16955684007707128,0.9709737985655713,0.7249162940927069
